Unnamed: 0,Target
3540,Graduate
3541,Graduate
3542,Graduate
3543,Graduate
3544,Graduate
3545,Graduate
3546,Graduate
3547,Graduate
3548,Graduate
3549,Graduate
3550,Graduate
3551,Graduate
3552,Graduate
3553,Graduate
3554,Graduate
3555,Graduate
3556,Graduate
3557,Graduate
3558,Graduate
3559,Graduate
3560,Graduate
3561,Graduate
3562,Graduate
3563,Graduate
3564,Graduate
3565,Graduate
3566,Graduate
3567,Graduate
3568,Graduate
3569,Graduate
3570,Graduate
3571,Graduate
3572,Graduate
3573,Graduate
3574,Graduate
3575,Graduate
3576,Graduate
3577,Graduate
3578,Graduate
3579,Graduate
3580,Graduate
3581,Graduate
3582,Graduate
3583,Graduate
3584,Graduate
3585,Graduate
3586,Graduate
3587,Graduate
3588,Graduate
3589,Graduate
3590,Graduate
3591,Graduate
3592,Graduate
3593,Graduate
3594,Graduate
3595,Graduate
3596,Graduate
3597,Graduate
3598,Graduate
3599,Graduate
3600,Graduate
3601,Graduate
3602,Graduate
3603,Graduate
3604,Graduate
3605,Graduate
3606,Graduate
3607,Graduate
3608,Graduate
3609,Graduate
3610,Graduate
3611,Graduate
3612,Graduate
3613,Graduate
3614,Graduate
3615,Graduate
3616,Graduate
3617,Graduate
3618,Graduate
3619,Graduate
3620,Graduate
3621,Graduate
3622,Graduate
3623,Graduate
3624,Graduate
3625,Graduate
3626,Graduate
3627,Graduate
3628,Graduate
3629,Graduate
3630,Graduate
3631,Graduate
3632,Graduate
3633,Graduate
3634,Graduate
3635,Graduate
3636,Graduate
3637,Graduate
3638,Graduate
3639,Graduate
3640,Graduate
3641,Graduate
3642,Graduate
3643,Graduate
3644,Graduate
3645,Graduate
3646,Graduate
3647,Graduate
3648,Graduate
3649,Graduate
3650,Graduate
3651,Graduate
3652,Graduate
3653,Graduate
3654,Graduate
3655,Graduate
3656,Graduate
3657,Graduate
3658,Graduate
3659,Graduate
3660,Graduate
3661,Graduate
3662,Graduate
3663,Graduate
3664,Graduate
3665,Graduate
3666,Graduate
3667,Graduate
3668,Graduate
3669,Graduate
3670,Graduate
3671,Graduate
3672,Graduate
3673,Graduate
3674,Graduate
3675,Graduate
3676,Graduate
3677,Graduate
3678,Graduate
3679,Graduate
3680,Graduate
3681,Graduate
3682,Graduate
3683,Graduate
3684,Graduate
3685,Graduate
3686,Graduate
3687,Graduate
3688,Graduate
3689,Graduate
3690,Graduate
3691,Graduate
3692,Graduate
3693,Graduate
3694,Graduate
3695,Graduate
3696,Graduate
3697,Graduate
3698,Graduate
3699,Graduate
3700,Graduate
3701,Graduate
3702,Graduate
3703,Graduate
3704,Graduate
3705,Graduate
3706,Graduate
3707,Graduate
3708,Graduate
3709,Graduate
3710,Graduate
3711,Graduate
3712,Graduate
3713,Graduate
3714,Graduate
3715,Graduate
3716,Graduate
3717,Graduate
3718,Graduate
3719,Graduate
3720,Graduate
3721,Graduate
3722,Graduate
3723,Graduate
3724,Graduate
3725,Graduate
3726,Graduate
3727,Graduate
3728,Graduate
3729,Graduate
3730,Graduate
3731,Graduate
3732,Graduate
3733,Graduate
3734,Graduate
3735,Graduate
3736,Graduate
3737,Graduate
3738,Graduate
3739,Graduate
3740,Graduate
3741,Graduate
3742,Graduate
3743,Graduate
3744,Graduate
3745,Graduate
3746,Graduate
3747,Graduate
3748,Graduate
3749,Graduate
3750,Graduate
3751,Graduate
3752,Graduate
3753,Graduate
3754,Graduate
3755,Graduate
3756,Graduate
3757,Graduate
3758,Graduate
3759,Graduate
3760,Graduate
3761,Graduate
3762,Graduate
3763,Graduate
3764,Graduate
3765,Graduate
3766,Graduate
3767,Graduate
3768,Graduate
3769,Graduate
3770,Graduate
3771,Graduate
3772,Graduate
3773,Graduate
3774,Graduate
3775,Graduate
3776,Graduate
3777,Graduate
3778,Graduate
3779,Graduate
3780,Graduate
3781,Graduate
3782,Graduate
3783,Graduate
3784,Graduate
3785,Graduate
3786,Graduate
3787,Graduate
3788,Graduate
3789,Graduate
3790,Graduate
3791,Graduate
3792,Graduate
3793,Graduate
3794,Graduate
3795,Graduate
3796,Graduate
3797,Graduate
3798,Graduate
3799,Graduate
3800,Graduate
3801,Graduate
3802,Graduate
3803,Graduate
3804,Graduate
3805,Graduate
3806,Graduate
3807,Graduate
3808,Graduate
3809,Graduate
3810,Graduate
3811,Graduate
3812,Graduate
3813,Graduate
3814,Graduate
3815,Graduate
3816,Graduate
3817,Graduate
3818,Graduate
3819,Graduate
3820,Graduate
3821,Graduate
3822,Graduate
3823,Graduate
3824,Graduate
3825,Graduate
3826,Graduate
3827,Graduate
3828,Graduate
3829,Graduate
3830,Graduate
3831,Graduate
3832,Graduate
3833,Graduate
3834,Graduate
3835,Graduate
3836,Graduate
3837,Graduate
3838,Graduate
3839,Graduate
3840,Graduate
3841,Graduate
3842,Graduate
3843,Graduate
3844,Graduate
3845,Graduate
3846,Graduate
3847,Graduate
3848,Graduate
3849,Graduate
3850,Graduate
3851,Graduate
3852,Graduate
3853,Graduate
3854,Graduate
3855,Graduate
3856,Graduate
3857,Graduate
3858,Graduate
3859,Graduate
3860,Graduate
3861,Graduate
3862,Graduate
3863,Graduate
3864,Graduate
3865,Graduate
3866,Graduate
3867,Graduate
3868,Graduate
3869,Graduate
3870,Graduate
3871,Graduate
3872,Graduate
3873,Graduate
3874,Graduate
3875,Graduate
3876,Graduate
3877,Graduate
3878,Graduate
3879,Graduate
3880,Graduate
3881,Graduate
3882,Graduate
3883,Graduate
3884,Graduate
3885,Graduate
3886,Graduate
3887,Graduate
3888,Graduate
3889,Graduate
3890,Graduate
3891,Graduate
3892,Graduate
3893,Graduate
3894,Graduate
3895,Graduate
3896,Graduate
3897,Graduate
3898,Graduate
3899,Graduate
3900,Graduate
3901,Graduate
3902,Graduate
3903,Graduate
3904,Graduate
3905,Graduate
3906,Graduate
3907,Graduate
3908,Graduate
3909,Graduate
3910,Graduate
3911,Graduate
3912,Graduate
3913,Graduate
3914,Graduate
3915,Graduate
3916,Graduate
3917,Graduate
3918,Graduate
3919,Graduate
3920,Graduate
3921,Graduate
3922,Graduate
3923,Graduate
3924,Graduate
3925,Graduate
3926,Graduate
3927,Graduate
3928,Graduate
3929,Graduate
3930,Graduate
3931,Graduate
3932,Graduate
3933,Graduate
3934,Graduate
3935,Graduate
3936,Graduate
3937,Graduate
3938,Graduate
3939,Graduate
3940,Graduate
3941,Graduate
3942,Graduate
3943,Graduate
3944,Graduate
3945,Graduate
3946,Graduate
3947,Graduate
3948,Graduate
3949,Graduate
3950,Graduate
3951,Graduate
3952,Graduate
3953,Graduate
3954,Graduate
3955,Graduate
3956,Graduate
3957,Graduate
3958,Graduate
3959,Graduate
3960,Graduate
3961,Graduate
3962,Graduate
3963,Graduate
3964,Graduate
3965,Graduate
3966,Graduate
3967,Graduate
3968,Graduate
3969,Graduate
3970,Graduate
3971,Graduate
3972,Graduate
3973,Graduate
3974,Graduate
3975,Graduate
3976,Graduate
3977,Graduate
3978,Graduate
3979,Graduate
3980,Graduate
3981,Graduate
3982,Graduate
3983,Graduate
3984,Graduate
3985,Graduate
3986,Graduate
3987,Graduate
3988,Graduate
3989,Graduate
3990,Graduate
3991,Graduate
3992,Graduate
3993,Graduate
3994,Graduate
3995,Graduate
3996,Graduate
3997,Graduate
3998,Graduate
3999,Graduate
4000,Graduate
4001,Graduate
4002,Graduate
4003,Graduate
4004,Graduate
4005,Graduate
4006,Graduate
4007,Graduate
4008,Graduate
4009,Graduate
4010,Graduate
4011,Graduate
4012,Graduate
4013,Graduate
4014,Graduate
4015,Graduate
4016,Graduate
4017,Graduate
4018,Graduate
4019,Graduate
4020,Graduate
4021,Graduate
4022,Graduate
4023,Graduate
4024,Graduate
4025,Graduate
4026,Graduate
4027,Graduate
4028,Graduate
4029,Graduate
4030,Graduate
4031,Graduate
4032,Graduate
4033,Graduate
4034,Graduate
4035,Graduate
4036,Graduate
4037,Graduate
4038,Graduate
4039,Graduate
4040,Graduate
4041,Graduate
4042,Graduate
4043,Graduate
4044,Graduate
4045,Graduate
4046,Graduate
4047,Graduate
4048,Graduate
4049,Graduate
4050,Graduate
4051,Graduate
4052,Graduate
4053,Graduate
4054,Graduate
4055,Graduate
4056,Graduate
4057,Graduate
4058,Graduate
4059,Graduate
4060,Graduate
4061,Graduate
4062,Graduate
4063,Graduate
4064,Graduate
4065,Graduate
4066,Graduate
4067,Graduate
4068,Graduate
4069,Graduate
4070,Graduate
4071,Graduate
4072,Graduate
4073,Graduate
4074,Graduate
4075,Graduate
4076,Graduate
4077,Graduate
4078,Graduate
4079,Graduate
4080,Graduate
4081,Graduate
4082,Graduate
4083,Graduate
4084,Graduate
4085,Graduate
4086,Graduate
4087,Graduate
4088,Graduate
4089,Graduate
4090,Graduate
4091,Graduate
4092,Graduate
4093,Graduate
4094,Graduate
4095,Graduate
4096,Graduate
4097,Graduate
4098,Graduate
4099,Graduate
4100,Graduate
4101,Graduate
4102,Graduate
4103,Graduate
4104,Graduate
4105,Graduate
4106,Graduate
4107,Graduate
4108,Graduate
4109,Graduate
4110,Graduate
4111,Graduate
4112,Graduate
4113,Graduate
4114,Graduate
4115,Graduate
4116,Graduate
4117,Graduate
4118,Graduate
4119,Graduate
4120,Graduate
4121,Graduate
4122,Graduate
4123,Graduate
4124,Graduate
4125,Graduate
4126,Graduate
4127,Graduate
4128,Graduate
4129,Graduate
4130,Graduate
4131,Graduate
4132,Graduate
4133,Graduate
4134,Graduate
4135,Graduate
4136,Graduate
4137,Graduate
4138,Graduate
4139,Graduate
4140,Graduate
4141,Graduate
4142,Graduate
4143,Graduate
4144,Graduate
4145,Graduate
4146,Graduate
4147,Graduate
4148,Graduate
4149,Graduate
4150,Graduate
4151,Graduate
4152,Graduate
4153,Graduate
4154,Graduate
4155,Graduate
4156,Graduate
4157,Graduate
4158,Graduate
4159,Graduate
4160,Graduate
4161,Graduate
4162,Graduate
4163,Graduate
4164,Graduate
4165,Graduate
4166,Graduate
4167,Graduate
4168,Graduate
4169,Graduate
4170,Graduate
4171,Graduate
4172,Graduate
4173,Graduate
4174,Graduate
4175,Graduate
4176,Graduate
4177,Graduate
4178,Graduate
4179,Graduate
4180,Graduate
4181,Graduate
4182,Graduate
4183,Graduate
4184,Graduate
4185,Graduate
4186,Graduate
4187,Graduate
4188,Graduate
4189,Graduate
4190,Graduate
4191,Graduate
4192,Graduate
4193,Graduate
4194,Graduate
4195,Graduate
4196,Graduate
4197,Graduate
4198,Graduate
4199,Graduate
4200,Graduate
4201,Graduate
4202,Graduate
4203,Graduate
4204,Graduate
4205,Graduate
4206,Graduate
4207,Graduate
4208,Graduate
4209,Graduate
4210,Graduate
4211,Graduate
4212,Graduate
4213,Graduate
4214,Graduate
4215,Graduate
4216,Graduate
4217,Graduate
4218,Graduate
4219,Graduate
4220,Graduate
4221,Graduate
4222,Graduate
4223,Graduate
4224,Graduate
4225,Graduate
4226,Graduate
4227,Graduate
4228,Graduate
4229,Graduate
4230,Graduate
4231,Graduate
4232,Graduate
4233,Graduate
4234,Graduate
4235,Graduate
4236,Graduate
4237,Graduate
4238,Graduate
4239,Graduate
4240,Graduate
4241,Graduate
4242,Graduate
4243,Graduate
4244,Graduate
4245,Graduate
4246,Graduate
4247,Graduate
4248,Graduate
4249,Graduate
4250,Graduate
4251,Graduate
4252,Graduate
4253,Graduate
4254,Graduate
4255,Graduate
4256,Graduate
4257,Graduate
4258,Graduate
4259,Graduate
4260,Graduate
4261,Graduate
4262,Graduate
4263,Graduate
4264,Graduate
4265,Graduate
4266,Graduate
4267,Graduate
4268,Graduate
4269,Graduate
4270,Graduate
4271,Graduate
4272,Graduate
4273,Graduate
4274,Graduate
4275,Graduate
4276,Graduate
4277,Graduate
4278,Graduate
4279,Graduate
4280,Graduate
4281,Graduate
4282,Graduate
4283,Graduate
4284,Graduate
4285,Graduate
4286,Graduate
4287,Graduate
4288,Graduate
4289,Graduate
4290,Graduate
4291,Graduate
4292,Graduate
4293,Graduate
4294,Graduate
4295,Graduate
4296,Graduate
4297,Graduate
4298,Graduate
4299,Graduate
4300,Graduate
4301,Graduate
4302,Graduate
4303,Graduate
4304,Graduate
4305,Graduate
4306,Graduate
4307,Graduate
4308,Graduate
4309,Graduate
4310,Graduate
4311,Graduate
4312,Graduate
4313,Graduate
4314,Graduate
4315,Graduate
4316,Graduate
4317,Graduate
4318,Graduate
4319,Graduate
4320,Graduate
4321,Graduate
4322,Graduate
4323,Graduate
4324,Graduate
4325,Graduate
4326,Graduate
4327,Graduate
4328,Graduate
4329,Graduate
4330,Graduate
4331,Graduate
4332,Graduate
4333,Graduate
4334,Graduate
4335,Graduate
4336,Graduate
4337,Graduate
4338,Graduate
4339,Graduate
4340,Graduate
4341,Graduate
4342,Graduate
4343,Graduate
4344,Graduate
4345,Graduate
4346,Graduate
4347,Graduate
4348,Graduate
4349,Graduate
4350,Graduate
4351,Graduate
4352,Graduate
4353,Graduate
4354,Graduate
4355,Graduate
4356,Graduate
4357,Graduate
4358,Graduate
4359,Graduate
4360,Graduate
4361,Graduate
4362,Graduate
4363,Graduate
4364,Graduate
4365,Graduate
4366,Graduate
4367,Graduate
4368,Graduate
4369,Graduate
4370,Graduate
4371,Graduate
4372,Graduate
4373,Graduate
4374,Graduate
4375,Graduate
4376,Graduate
4377,Graduate
4378,Graduate
4379,Graduate
4380,Graduate
4381,Graduate
4382,Graduate
4383,Graduate
4384,Graduate
4385,Graduate
4386,Graduate
4387,Graduate
4388,Graduate
4389,Graduate
4390,Graduate
4391,Graduate
4392,Graduate
4393,Graduate
4394,Graduate
4395,Graduate
4396,Graduate
4397,Graduate
4398,Graduate
4399,Graduate
4400,Graduate
4401,Graduate
4402,Graduate
4403,Graduate
4404,Graduate
4405,Graduate
4406,Graduate
4407,Graduate
4408,Graduate
4409,Graduate
4410,Graduate
4411,Graduate
4412,Graduate
4413,Graduate
4414,Graduate
4415,Graduate
4416,Graduate
4417,Graduate
4418,Graduate
4419,Graduate
4420,Graduate
4421,Graduate
4422,Graduate
4423,Graduate
